VERTEX,minute
57,0
57,0
47,0
56,0
46,0
40,1
40,1
50,1
41,1
58,1
54,2
48,2
55,2
57,2
58,2
55,3
50,3
52,3
48,3
54,3
53,4
57,4
60,4
58,4
45,4
55,5
42,5
43,5
44,5
51,5
42,6
55,6
51,6
43,6
44,6
60,7
50,7
46,7
43,7
46,7
49,8
48,8
46,8
49,8
42,8
47,9
49,9
60,9
57,9
44,9
49,10
56,10
52,10
49,10
52,10
54,11
45,11
52,11
48,11
48,11
46,12
41,12
55,12
50,12
52,12
47,13
57,13
57,13
40,13
60,13
52,14
40,14
53,14
56,14
60,14
42,15
46,15
51,15
59,15
53,15
55,16
55,16
49,16
46,16
43,16
49,17
48,17
53,17
47,17
45,17
41,18
53,18
60,18
50,18
49,18
59,19
47,19
46,19
40,19
50,19
44,20
41,20
51,20
47,20
57,20
57,21
47,21
40,21
54,21
58,21
51,22
53,22
60,22
56,22
53,22
55,23
42,23
48,23
42,23
56,23
45,24
42,24
45,24
56,24
48,24
41,25
40,25
45,25
54,25
50,25
59,26
55,26
45,26
42,26
56,26
60,27
59,27
50,27
48,27
43,27
48,28
52,28
48,28
58,28
58,28
42,29
40,29
52,29
54,29
58,29
59,30
57,30
43,30
56,30
56,30
47,31
41,31
49,31
45,31
44,31
59,32
46,32
53,32
47,32
45,32
59,33
50,33
41,33
53,33
56,33
54,34
46,34
48,34
44,34
53,34
44,35
50,35
49,35
41,35
56,35
49,36
59,36
55,36
54,36
55,36
58,37
50,37
60,37
52,37
43,37
54,38
49,38
52,38
59,38
60,38
44,39
55,39
50,39
53,39
59,39
46,40
59,40
40,40
51,40
48,40
45,41
54,41
43,41
44,41
53,41
47,42
50,42
49,42
43,42
58,42
52,43
59,43
44,43
46,43
41,43
45,44
47,44
49,44
43,44
43,44
54,45
57,45
42,45
59,45
45,45
58,46
47,46
48,46
55,46
50,46
50,47
54,47
50,47
55,47
55,47
60,48
52,48
50,48
41,48
47,48
56,49
53,49
41,49
58,49
52,49
41,50
42,50
58,50
48,50
56,50
52,51
58,51
54,51
51,51
45,51
52,52
55,52
48,52
59,52
54,52
48,53
45,53
45,53
45,53
49,53
42,54
40,54
41,54
50,54
55,54
58,55
46,55
58,55
41,55
40,55
40,56
40,56
41,56
43,56
54,56
51,57
45,57
41,57
60,57
55,57
47,58
54,58
41,58
48,58
46,58
46,59
58,59
53,59
50,59
45,59
54,60
42,60
52,60
46,60
48,60
59,61
57,61
49,61
57,61
47,61
55,62
51,62
43,62
57,62
46,62
40,63
59,63
56,63
45,63
58,63
58,64
46,64
41,64
42,64
53,64
44,65
46,65
57,65
55,65
54,65
49,66
56,66
59,66
52,66
44,66
41,67
52,67
57,67
51,67
43,67
50,68
53,68
58,68
44,68
43,68
51,69
52,69
54,69
59,69
57,69
52,70
43,70
59,70
45,70
59,70
48,71
50,71
57,71
55,71
52,71
50,72
58,72
48,72
56,72
59,72
46,73
47,73
54,73
44,73
60,73
58,74
48,74
55,74
51,74
42,74
43,75
54,75
55,75
54,75
49,75
41,76
45,76
56,76
43,76
43,76
49,77
42,77
53,77
49,77
48,77
51,78
40,78
54,78
48,78
43,78
48,79
60,79
57,79
47,79
55,79
57,80
46,80
45,80
47,80
40,80
51,81
56,81
52,81
53,81
55,81
54,82
56,82
58,82
48,82
40,82
55,83
59,83
46,83
49,83
48,83
54,84
48,84
60,84
41,84
54,84
60,85
57,85
49,85
53,85
50,85
51,86
58,86
52,86
46,86
52,86
57,87
51,87
42,87
56,87
54,87
58,88
42,88
48,88
52,88
43,88
43,89
46,89
60,89
41,89
45,89
52,90
56,90
47,90
56,90
42,90
55,91
58,91
47,91
46,91
54,91
43,92
41,92
54,92
57,92
58,92
41,93
42,93
44,93
40,93
47,93
60,94
41,94
56,94
49,94
41,94
48,95
58,95
58,95
59,95
53,95
41,96
40,96
53,96
41,96
52,96
50,97
43,97
56,97
59,97
53,97
51,98
50,98
56,98
54,98
56,98
58,99
52,99
60,99
45,99
41,99
45,100
51,100
45,100
47,100
60,100
40,101
46,101
43,101
40,101
51,101
42,102
56,102
53,102
54,102
60,102
47,103
59,103
54,103
44,103
47,103
51,104
56,104
53,104
60,104
40,104
53,105
58,105
48,105
43,105
54,105
52,106
49,106
46,106
49,106
53,106
54,107
56,107
56,107
52,107
49,107
51,108
49,108
53,108
52,108
54,108
44,109
59,109
44,109
58,109
58,109
53,110
58,110
57,110
46,110
55,110
56,111
49,111
47,111
46,111
59,111
41,112
57,112
47,112
47,112
41,112
55,113
59,113
59,113
44,113
41,113
60,114
50,114
58,114
44,114
56,114
55,115
57,115
55,115
45,115
54,115
41,116
54,116
45,116
56,116
49,116
55,117
44,117
49,117
52,117
57,117
52,118
48,118
46,118
56,118
48,118
41,119
50,119
45,119
56,119
48,119
54,120
57,120
43,120
41,120
55,120
41,121
40,121
56,121
48,121
56,121
40,122
46,122
50,122
58,122
59,122
58,123
44,123
41,123
44,123
45,123
54,124
45,124
48,124
48,124
55,124
44,125
40,125
54,125
59,125
52,125
59,126
50,126
44,126
42,126
42,126
55,127
45,127
49,127
48,127
55,127
46,128
55,128
42,128
58,128
58,128
51,129
41,129
41,129
45,129
45,129
53,130
52,130
41,130
54,130
43,130
52,131
60,131
55,131
59,131
42,131
53,132
53,132
60,132
45,132
60,132
46,133
42,133
57,133
48,133
53,133
53,134
45,134
42,134
58,134
50,134
60,135
58,135
53,135
48,135
46,135
58,136
52,136
47,136
52,136
44,136
53,137
59,137
48,137
41,137
53,137
42,138
47,138
44,138
45,138
55,138
48,139
47,139
57,139
43,139
42,139
47,140
44,140
48,140
58,140
40,140
46,141
46,141
54,141
56,141
45,141
59,142
60,142
40,142
50,142
58,142
55,143
45,143
55,143
56,143
50,143
51,144
49,144
54,144
51,144
48,144
43,145
41,145
41,145
54,145
52,145
55,146
40,146
49,146
43,146
40,146
43,147
52,147
52,147
41,147
46,147
40,148
60,148
60,148
49,148
58,148
58,149
45,149
58,149
50,149
60,149
47,150
49,150
48,150
52,150
48,150
54,151
57,151
46,151
56,151
45,151
44,152
44,152
40,152
53,152
40,152
55,153
59,153
47,153
40,153
47,153
42,154
50,154
49,154
60,154
46,154
53,155
57,155
47,155
41,155
40,155
53,156
57,156
46,156
42,156
50,156
43,157
42,157
56,157
57,157
58,157
50,158
44,158
54,158
52,158
60,158
51,159
55,159
53,159
55,159
44,159
49,160
45,160
56,160
53,160
46,160
47,161
41,161
40,161
57,161
59,161
50,162
60,162
46,162
50,162
59,162
49,163
52,163
41,163
42,163
53,163
45,164
52,164
50,164
40,164
53,164
45,165
60,165
42,165
55,165
47,165
55,166
50,166
41,166
41,166
43,166
49,167
45,167
58,167
50,167
56,167
50,168
43,168
58,168
50,168
44,168
50,169
57,169
52,169
48,169
47,169
46,170
52,170
44,170
50,170
47,170
56,171
42,171
42,171
60,171
40,171
43,172
59,172
58,172
58,172
60,172
57,173
41,173
55,173
51,173
50,173
54,174
42,174
53,174
49,174
49,174
41,175
51,175
43,175
44,175
43,175
45,176
43,176
46,176
54,176
51,176
58,177
43,177
60,177
55,177
41,177
51,178
45,178
60,178
57,178
52,178
55,179
60,179
55,179
60,179
49,179
51,180
60,180
53,180
57,180
52,180
48,181
44,181
45,181
43,181
45,181
50,182
40,182
41,182
48,182
45,182
50,183
43,183
44,183
47,183
46,183
59,184
58,184
50,184
49,184
53,184
40,185
57,185
59,185
43,185
56,185
54,186
45,186
49,186
45,186
60,186
57,187
49,187
58,187
42,187
54,187
43,188
52,188
49,188
44,188
55,188
48,189
48,189
42,189
59,189
41,189
46,190
44,190
55,190
40,190
50,190
45,191
53,191
40,191
40,191
40,191
53,192
45,192
56,192
43,192
41,192
46,193
56,193
56,193
54,193
59,193
45,194
48,194
41,194
60,194
41,194
48,195
41,195
41,195
60,195
50,195
44,196
59,196
53,196
52,196
43,196
45,197
47,197
46,197
49,197
59,197
54,198
56,198
50,198
51,198
51,198
51,199
60,199
49,199
50,199
46,199
49,200
43,200
58,200
46,200
43,200
53,201
55,201
55,201
49,201
60,201
52,202
47,202
58,202
51,202
52,202
50,203
49,203
44,203
54,203
55,203
43,204
52,204
54,204
56,204
43,204
51,205
57,205
40,205
58,205
42,205
42,206
44,206
55,206
55,206
56,206
55,207
42,207
58,207
44,207
58,207
40,208
60,208
52,208
54,208
58,208
52,209
48,209
46,209
46,209
57,209
57,210
48,210
50,210
52,210
57,210
50,211
57,211
46,211
60,211
52,211
58,212
42,212
50,212
40,212
51,212
53,213
54,213
51,213
54,213
59,213
47,214
50,214
40,214
54,214
49,214
43,215
58,215
46,215
42,215
57,215
40,216
60,216
45,216
55,216
58,216
46,217
53,217
55,217
60,217
55,217
52,218
45,218
58,218
47,218
51,218
55,219
40,219
50,219
43,219
55,219
59,220
44,220
57,220
57,220
59,220
57,221
48,221
57,221
47,221
43,221
50,222
45,222
42,222
60,222
46,222
59,223
40,223
40,223
52,223
57,223
40,224
41,224
60,224
59,224
40,224
60,225
51,225
43,225
55,225
49,225
53,226
49,226
54,226
47,226
44,226
40,227
48,227
51,227
53,227
55,227
55,228
54,228
51,228
57,228
59,228
50,229
51,229
60,229
60,229
40,229
60,230
55,230
54,230
45,230
60,230
59,231
58,231
60,231
53,231
53,231
46,232
54,232
47,232
48,232
48,232
53,233
60,233
48,233
45,233
59,233
52,234
49,234
55,234
44,234
46,234
45,235
51,235
40,235
57,235
58,235
43,236
48,236
52,236
49,236
48,236
40,237
48,237
48,237
51,237
49,237
51,238
57,238
46,238
58,238
59,238
49,239
57,239
53,239
50,239
57,239
51,240
50,240
47,240
46,240
56,240
57,241
60,241
42,241
46,241
40,241
54,242
45,242
51,242
55,242
49,242
49,243
54,243
43,243
50,243
48,243
42,244
48,244
49,244
49,244
46,244
46,245
50,245
52,245
58,245
45,245
55,246
47,246
47,246
45,246
51,246
54,247
58,247
59,247
42,247
51,247
60,248
40,248
41,248
40,248
45,248
46,249
47,249
60,249
42,249
40,249
40,250
51,250
50,250
54,250
50,250
41,251
59,251
57,251
43,251
44,251
56,252
60,252
53,252
57,252
58,252
40,253
46,253
54,253
41,253
59,253
41,254
51,254
57,254
53,254
54,254
46,255
55,255
58,255
48,255
41,255
52,256
58,256
59,256
59,256
51,256
59,257
49,257
52,257
56,257
51,257
41,258
57,258
40,258
55,258
59,258
56,259
54,259
41,259
43,259
40,259
56,260
52,260
55,260
41,260
43,260
56,261
54,261
52,261
41,261
49,261
43,262
51,262
49,262
46,262
59,262
51,263
44,263
45,263
44,263
41,263
45,264
59,264
41,264
55,264
60,264
56,265
46,265
42,265
41,265
48,265
56,266
54,266
55,266
58,266
45,266
48,267
58,267
48,267
54,267
47,267
45,268
48,268
52,268
56,268
60,268
56,269
44,269
58,269
50,269
48,269
45,270
53,270
59,270
51,270
43,270
57,271
50,271
57,271
42,271
40,271
56,272
56,272
43,272
57,272
44,272
52,273
50,273
57,273
47,273
40,273
50,274
40,274
42,274
43,274
49,274
46,275
42,275
50,275
51,275
59,275
54,276
48,276
59,276
54,276
51,276
42,277
46,277
53,277
50,277
59,277
60,278
50,278
50,278
50,278
47,278
53,279
58,279
47,279
40,279
42,279
46,280
59,280
41,280
59,280
50,280
52,281
49,281
56,281
51,281
47,281
47,282
50,282
53,282
54,282
57,282
58,283
52,283
57,283
52,283
54,283
43,284
45,284
52,284
60,284
50,284
58,285
54,285
41,285
53,285
48,285
42,286
58,286
57,286
47,286
47,286
59,287
57,287
59,287
43,287
57,287
42,288
59,288
58,288
46,288
46,288
60,289
46,289
48,289
56,289
48,289
43,290
45,290
60,290
58,290
41,290
48,291
44,291
43,291
47,291
54,291
40,292
46,292
51,292
48,292
41,292
60,293
58,293
47,293
59,293
47,293
50,294
43,294
42,294
46,294
48,294
47,295
49,295
52,295
57,295
44,295
53,296
59,296
43,296
45,296
51,296
57,297
43,297
53,297
53,297
45,297
60,298
56,298
47,298
50,298
58,298
41,299
58,299
55,299
43,299
51,299
44,300
58,300
57,300
42,300
50,300
44,301
52,301
54,301
58,301
52,301
50,302
59,302
53,302
52,302
41,302
53,303
56,303
51,303
47,303
59,303
51,304
49,304
41,304
52,304
48,304
56,305
52,305
59,305
53,305
44,305
40,306
44,306
58,306
45,306
45,306
44,307
42,307
51,307
55,307
50,307
58,308
48,308
41,308
58,308
52,308
54,309
51,309
56,309
47,309
60,309
60,310
52,310
55,310
48,310
51,310
54,311
52,311
56,311
44,311
47,311
44,312
40,312
53,312
44,312
45,312
46,313
45,313
49,313
41,313
54,313
44,314
45,314
48,314
56,314
42,314
41,315
41,315
60,315
49,315
55,315
45,316
46,316
51,316
53,316
53,316
43,317
54,317
45,317
58,317
50,317
60,318
45,318
59,318
54,318
48,318
48,319
54,319
51,319
56,319
60,319
51,320
41,320
58,320
49,320
43,320
60,321
46,321
53,321
60,321
43,321
50,322
47,322
60,322
48,322
41,322
40,323
49,323
57,323
52,323
58,323
40,324
44,324
48,324
55,324
41,324
51,325
46,325
53,325
43,325
53,325
47,326
43,326
49,326
44,326
53,326
59,327
58,327
44,327
55,327
42,327
44,328
48,328
46,328
56,328
54,328
60,329
59,329
42,329
51,329
59,329
51,330
54,330
46,330
48,330
50,330
48,331
59,331
53,331
52,331
45,331
41,332
40,332
58,332
54,332
52,332
57,333
53,333
60,333
50,333
46,333
57,334
60,334
54,334
50,334
44,334
53,335
41,335
53,335
49,335
46,335
41,336
50,336
46,336
40,336
46,336
40,337
42,337
43,337
47,337
57,337
56,338
57,338
44,338
58,338
40,338
53,339
46,339
44,339
48,339
46,339
53,340
49,340
57,340
49,340
57,340
54,341
58,341
55,341
49,341
43,341
57,342
40,342
54,342
45,342
60,342
57,343
46,343
52,343
51,343
53,343
60,344
40,344
60,344
49,344
60,344
56,345
59,345
46,345
56,345
42,345
47,346
60,346
56,346
57,346
45,346
58,347
51,347
43,347
41,347
46,347
50,348
51,348
57,348
59,348
40,348
52,349
50,349
51,349
56,349
51,349
50,350
48,350
56,350
50,350
40,350
57,351
59,351
43,351
40,351
40,351
51,352
45,352
55,352
42,352
58,352
58,353
58,353
43,353
56,353
55,353
53,354
53,354
58,354
56,354
54,354
59,355
43,355
44,355
56,355
54,355
46,356
51,356
54,356
59,356
58,356
42,357
45,357
44,357
41,357
44,357
50,358
50,358
54,358
43,358
52,358
57,359
52,359
47,359
52,359
51,359
60,360
40,360
50,360
51,360
49,360
46,361
50,361
53,361
44,361
58,361
40,362
48,362
49,362
42,362
43,362
43,363
53,363
50,363
59,363
59,363
47,364
59,364
49,364
41,364
59,364
45,365
52,365
51,365
52,365
59,365
48,366
56,366
52,366
50,366
49,366
53,367
44,367
40,367
48,367
58,367
48,368
54,368
51,368
41,368
48,368
55,369
56,369
46,369
54,369
59,369
56,370
40,370
54,370
53,370
58,370
55,371
58,371
53,371
53,371
52,371
59,372
44,372
40,372
50,372
44,372
58,373
43,373
55,373
54,373
48,373
56,374
49,374
56,374
59,374
44,374
53,375
54,375
42,375
48,375
47,375
45,376
59,376
50,376
57,376
49,376
44,377
56,377
56,377
60,377
46,377
59,378
49,378
40,378
48,378
55,378
49,379
49,379
53,379
43,379
60,379
53,380
57,380
41,380
48,380
57,380
47,381
49,381
41,381
40,381
48,381
53,382
44,382
45,382
41,382
60,382
60,383
53,383
47,383
56,383
59,383
44,384
60,384
56,384
59,384
55,384
60,385
41,385
60,385
49,385
59,385
60,386
58,386
54,386
55,386
55,386
57,387
59,387
40,387
54,387
40,387
52,388
49,388
56,388
42,388
40,388
55,389
51,389
60,389
41,389
50,389
47,390
54,390
51,390
44,390
56,390
43,391
54,391
48,391
45,391
51,391
47,392
58,392
55,392
44,392
56,392
44,393
58,393
48,393
60,393
53,393
40,394
56,394
60,394
60,394
49,394
46,395
48,395
58,395
49,395
49,395
41,396
43,396
41,396
43,396
54,396
46,397
43,397
49,397
58,397
52,397
56,398
48,398
41,398
43,398
42,398
57,399
57,399
45,399
46,399
59,399
40,400
49,400
54,400
44,400
58,400
41,401
53,401
46,401
54,401
47,401
58,402
60,402
52,402
49,402
56,402
47,403
52,403
41,403
42,403
49,403
51,404
46,404
53,404
54,404
42,404
45,405
48,405
42,405
44,405
50,405
49,406
51,406
45,406
46,406
57,406
44,407
52,407
53,407
56,407
44,407
56,408
54,408
54,408
46,408
52,408
45,409
55,409
55,409
59,409
57,409
51,410
60,410
55,410
41,410
52,410
47,411
45,411
60,411
55,411
59,411
53,412
46,412
59,412
57,412
59,412
60,413
40,413
47,413
57,413
52,413
46,414
40,414
54,414
46,414
55,414
50,415
45,415
54,415
48,415
60,415
45,416
49,416
57,416
44,416
55,416
58,417
56,417
54,417
59,417
54,417
43,418
60,418
50,418
43,418
50,418
59,419
60,419
51,419
50,419
56,419
58,420
49,420
45,420
48,420
43,420
58,421
53,421
46,421
44,421
59,421
56,422
53,422
54,422
54,422
52,422
48,423
41,423
46,423
41,423
55,423
52,424
42,424
48,424
54,424
51,424
54,425
52,425
53,425
56,425
50,425
44,426
48,426
43,426
59,426
41,426
59,427
58,427
55,427
42,427
56,427
58,428
51,428
48,428
60,428
47,428
58,429
47,429
49,429
59,429
58,429
43,430
44,430
40,430
45,430
43,430
46,431
52,431
56,431
53,431
52,431
56,432
43,432
60,432
55,432
42,432
57,433
53,433
54,433
57,433
59,433
49,434
44,434
55,434
53,434
60,434
58,435
43,435
42,435
57,435
52,435
58,436
56,436
44,436
56,436
56,436
40,437
60,437
41,437
56,437
60,437
48,438
52,438
45,438
54,438
46,438
45,439
41,439
53,439
44,439
59,439
53,440
58,440
58,440
51,440
50,440
46,441
54,441
40,441
55,441
40,441
57,442
40,442
45,442
45,442
57,442
57,443
58,443
44,443
55,443
49,443
54,444
55,444
48,444
49,444
43,444
46,445
48,445
52,445
56,445
52,445
42,446
48,446
51,446
46,446
42,446
48,447
50,447
42,447
58,447
51,447
42,448
50,448
51,448
54,448
51,448
51,449
60,449
49,449
58,449
53,449
49,450
55,450
49,450
56,450
55,450
46,451
48,451
57,451
53,451
56,451
54,452
50,452
47,452
55,452
43,452
52,453
48,453
42,453
59,453
44,453
57,454
46,454
40,454
46,454
50,454
49,455
41,455
47,455
55,455
57,455
60,456
55,456
51,456
42,456
43,456
57,457
40,457
45,457
52,457
48,457
51,458
41,458
47,458
59,458
56,458
45,459
59,459
41,459
47,459
48,459
45,460
49,460
48,460
44,460
52,460
48,461
45,461
54,461
48,461
55,461
45,462
60,462
60,462
57,462
51,462
57,463
42,463
48,463
48,463
55,463
43,464
52,464
40,464
57,464
46,464
49,465
48,465
53,465
51,465
50,465
53,466
54,466
44,466
47,466
56,466
51,467
60,467
47,467
59,467
55,467
41,468
52,468
51,468
56,468
44,468
52,469
58,469
60,469
57,469
47,469
41,470
50,470
55,470
51,470
57,470
55,471
58,471
40,471
40,471
49,471
43,472
40,472
56,472
55,472
40,472
42,473
43,473
58,473
56,473
49,473
51,474
53,474
40,474
47,474
41,474
45,475
43,475
49,475
56,475
52,475
47,476
45,476
43,476
44,476
52,476
51,477
51,477
48,477
55,477
40,477
52,478
59,478
47,478
50,478
40,478
48,479
53,479
47,479
53,479
57,479
59,480
40,480
42,480
59,480
41,480
57,481
50,481
51,481
44,481
57,481
47,482
49,482
46,482
57,482
51,482
47,483
43,483
41,483
54,483
57,483
43,484
55,484
49,484
50,484
48,484
50,485
53,485
49,485
51,485
53,485
52,486
48,486
45,486
56,486
42,486
44,487
60,487
46,487
47,487
48,487
47,488
51,488
41,488
52,488
43,488
50,489
42,489
49,489
49,489
44,489
48,490
53,490
43,490
54,490
50,490
48,491
53,491
44,491
51,491
51,491
57,492
52,492
49,492
55,492
49,492
43,493
43,493
42,493
53,493
60,493
57,494
43,494
47,494
49,494
57,494
46,495
45,495
47,495
47,495
53,495
59,496
52,496
59,496
41,496
52,496
49,497
42,497
53,497
52,497
43,497
45,498
48,498
45,498
57,498
50,498
46,499
57,499
48,499
53,499
50,499
60,500
51,500
59,500
49,500
54,500
42,501
44,501
44,501
43,501
58,501
48,502
42,502
52,502
50,502
52,502
52,503
48,503
60,503
49,503
42,503
43,504
50,504
50,504
40,504
51,504
42,505
51,505
43,505
58,505
46,505
55,506
58,506
48,506
59,506
42,506
40,507
53,507
52,507
58,507
50,507
52,508
42,508
40,508
41,508
52,508
47,509
46,509
46,509
51,509
58,509
43,510
47,510
44,510
42,510
47,510
43,511
51,511
55,511
52,511
55,511
42,512
49,512
41,512
52,512
50,512
51,513
58,513
45,513
42,513
53,513
48,514
50,514
56,514
56,514
42,514
58,515
47,515
45,515
57,515
52,515
58,516
47,516
52,516
59,516
50,516
59,517
55,517
41,517
43,517
60,517
46,518
58,518
47,518
48,518
43,518
40,519
56,519
57,519
59,519
42,519
60,520
54,520
59,520
52,520
48,520
55,521
43,521
56,521
50,521
50,521
43,522
46,522
55,522
46,522
46,522
51,523
50,523
58,523
40,523
48,523
44,524
58,524
56,524
60,524
56,524
42,525
55,525
40,525
46,525
51,525
43,526
52,526
42,526
43,526
48,526
60,527
49,527
40,527
56,527
45,527
60,528
55,528
51,528
59,528
53,528
57,529
44,529
40,529
49,529
40,529
42,530
46,530
60,530
50,530
59,530
52,531
55,531
42,531
55,531
45,531
57,532
40,532
57,532
56,532
52,532
43,533
55,533
57,533
58,533
49,533
45,534
58,534
57,534
57,534
48,534
49,535
59,535
52,535
45,535
55,535
42,536
40,536
52,536
45,536
57,536
57,537
56,537
48,537
60,537
44,537
51,538
56,538
48,538
45,538
58,538
44,539
59,539
58,539
46,539
60,539
50,540
54,540
58,540
52,540
59,540
50,541
43,541
43,541
49,541
58,541
59,542
43,542
52,542
41,542
50,542
46,543
51,543
49,543
58,543
60,543
52,544
60,544
47,544
57,544
41,544
53,545
47,545
60,545
41,545
49,545
53,546
60,546
46,546
47,546
43,546
41,547
57,547
51,547
49,547
50,547
45,548
52,548
60,548
52,548
53,548
49,549
59,549
44,549
44,549
52,549
53,550
54,550
42,550
47,550
57,550
56,551
41,551
48,551
58,551
43,551
58,552
50,552
53,552
53,552
58,552
49,553
55,553
54,553
53,553
48,553
53,554
59,554
52,554
59,554
48,554
55,555
52,555
51,555
43,555
44,555
44,556
54,556
51,556
52,556
57,556
51,557
50,557
46,557
41,557
60,557
49,558
45,558
42,558
50,558
52,558
60,559
48,559
51,559
43,559
53,559
47,560
59,560
59,560
53,560
58,560
42,561
52,561
46,561
50,561
49,561
48,562
59,562
55,562
57,562
45,562
55,563
49,563
43,563
42,563
55,563
51,564
54,564
42,564
41,564
43,564
49,565
49,565
45,565
49,565
43,565
57,566
58,566
40,566
55,566
48,566
50,567
58,567
53,567
49,567
41,567
49,568
53,568
54,568
46,568
50,568
46,569
54,569
51,569
42,569
45,569
47,570
45,570
58,570
52,570
43,570
45,571
59,571
41,571
54,571
58,571
51,572
49,572
60,572
43,572
57,572
47,573
59,573
50,573
51,573
48,573
45,574
53,574
55,574
45,574
40,574
50,575
41,575
55,575
43,575
59,575
56,576
40,576
51,576
43,576
59,576
58,577
60,577
41,577
49,577
44,577
41,578
56,578
50,578
47,578
54,578
58,579
40,579
53,579
40,579
44,579
52,580
49,580
45,580
51,580
58,580
57,581
49,581
52,581
45,581
48,581
42,582
52,582
51,582
42,582
42,582
50,583
50,583
51,583
53,583
50,583
60,584
45,584
60,584
41,584
49,584
47,585
45,585
58,585
44,585
60,585
53,586
41,586
58,586
52,586
48,586
53,587
47,587
40,587
40,587
54,587
46,588
44,588
48,588
43,588
41,588
47,589
50,589
52,589
54,589
54,589
59,590
40,590
48,590
48,590
49,590
40,591
56,591
42,591
40,591
60,591
58,592
43,592
48,592
47,592
48,592
57,593
53,593
55,593
42,593
45,593
55,594
51,594
55,594
52,594
55,594
51,595
56,595
51,595
53,595
57,595
53,596
44,596
47,596
41,596
56,596
48,597
42,597
49,597
41,597
54,597
60,598
51,598
50,598
48,598
44,598
53,599
51,599
56,599
45,599
52,599
55,600
44,600
49,600
45,600
50,600
54,601
55,601
60,601
55,601
59,601
43,602
60,602
50,602
56,602
44,602
48,603
44,603
46,603
41,603
46,603
60,604
60,604
51,604
43,604
57,604
53,605
46,605
54,605
44,605
48,605
49,606
42,606
51,606
48,606
52,606
45,607
49,607
51,607
49,607
58,607
52,608
46,608
50,608
40,608
50,608
59,609
47,609
49,609
59,609
53,609
55,610
59,610
53,610
59,610
45,610
57,611
58,611
51,611
44,611
43,611
58,612
45,612
42,612
47,612
56,612
45,613
57,613
45,613
42,613
47,613
45,614
48,614
48,614
41,614
46,614
54,615
47,615
55,615
47,615
53,615
50,616
58,616
60,616
47,616
52,616
52,617
51,617
51,617
42,617
41,617
50,618
55,618
48,618
57,618
49,618
59,619
57,619
49,619
59,619
51,619
55,620
60,620
42,620
58,620
58,620
44,621
55,621
56,621
56,621
55,621
59,622
44,622
41,622
60,622
42,622
52,623
47,623
60,623
40,623
58,623
45,624
59,624
47,624
44,624
59,624
43,625
52,625
53,625
50,625
59,625
52,626
41,626
49,626
59,626
58,626
43,627
55,627
58,627
54,627
49,627
58,628
45,628
54,628
40,628
57,628
43,629
52,629
57,629
44,629
50,629
48,630
53,630
58,630
60,630
44,630
54,631
59,631
48,631
47,631
55,631
40,632
50,632
57,632
54,632
44,632
44,633
46,633
57,633
49,633
51,633
53,634
41,634
46,634
49,634
52,634
59,635
40,635
53,635
54,635
56,635
45,636
43,636
53,636
41,636
58,636
51,637
52,637
41,637
58,637
53,637
44,638
49,638
44,638
43,638
48,638
56,639
51,639
41,639
59,639
52,639
56,640
59,640
50,640
42,640
47,640
59,641
48,641
57,641
44,641
54,641
45,642
51,642
41,642
40,642
49,642
56,643
50,643
54,643
46,643
54,643
45,644
44,644
47,644
56,644
53,644
53,645
40,645
59,645
56,645
51,645
43,646
55,646
46,646
52,646
40,646
40,647
52,647
48,647
53,647
56,647
40,648
43,648
43,648
41,648
59,648
42,649
42,649
49,649
48,649
52,649
51,650
48,650
51,650
50,650
58,650
56,651
46,651
52,651
50,651
47,651
53,652
48,652
51,652
53,652
44,652
51,653
52,653
45,653
60,653
44,653
51,654
54,654
54,654
40,654
52,654
50,655
46,655
50,655
45,655
54,655
57,656
42,656
52,656
46,656
40,656
60,657
53,657
55,657
55,657
52,657
52,658
46,658
45,658
59,658
60,658
53,659
50,659
42,659
57,659
50,659
45,660
42,660
49,660
40,660
45,660
56,661
52,661
45,661
40,661
60,661
41,662
53,662
42,662
54,662
57,662
42,663
42,663
42,663
55,663
40,663
58,664
45,664
58,664
42,664
40,664
52,665
54,665
55,665
60,665
57,665
50,666
56,666
59,666
55,666
46,666
42,667
42,667
49,667
41,667
54,667
55,668
43,668
55,668
52,668
53,668
47,669
43,669
51,669
46,669
45,669
40,670
54,670
59,670
57,670
60,670
49,671
46,671
45,671
44,671
41,671
53,672
55,672
57,672
48,672
51,672
41,673
55,673
48,673
42,673
45,673
42,674
43,674
47,674
42,674
49,674
42,675
50,675
56,675
45,675
52,675
56,676
54,676
45,676
44,676
45,676
46,677
51,677
59,677
54,677
50,677
44,678
42,678
42,678
52,678
45,678
60,679
51,679
48,679
41,679
53,679
55,680
49,680
44,680
57,680
43,680
40,681
45,681
52,681
59,681
44,681
52,682
48,682
56,682
49,682
45,682
41,683
53,683
56,683
45,683
48,683
56,684
44,684
56,684
45,684
48,684
40,685
41,685
46,685
44,685
57,685
44,686
41,686
47,686
52,686
57,686
45,687
58,687
41,687
54,687
56,687
50,688
45,688
49,688
43,688
46,688
40,689
60,689
54,689
58,689
44,689
53,690
40,690
48,690
55,690
53,690
59,691
47,691
60,691
59,691
50,691
49,692
60,692
47,692
52,692
49,692
40,693
40,693
49,693
40,693
42,693
43,694
53,694
44,694
46,694
48,694
43,695
48,695
42,695
53,695
50,695
48,696
42,696
53,696
40,696
53,696
52,697
52,697
44,697
51,697
43,697
45,698
58,698
52,698
56,698
58,698
55,699
54,699
58,699
49,699
45,699
58,700
46,700
40,700
52,700
52,700
60,701
44,701
44,701
51,701
59,701
42,702
47,702
53,702
48,702
43,702
43,703
52,703
49,703
56,703
41,703
40,704
60,704
43,704
50,704
46,704
43,705
50,705
55,705
47,705
57,705
43,706
56,706
56,706
53,706
45,706
50,707
60,707
44,707
43,707
60,707
50,708
55,708
54,708
47,708
58,708
56,709
55,709
45,709
58,709
44,709
40,710
43,710
54,710
43,710
49,710
44,711
58,711
57,711
57,711
56,711
47,712
58,712
46,712
45,712
59,712
54,713
54,713
58,713
52,713
43,713
60,714
43,714
48,714
50,714
42,714
43,715
47,715
44,715
41,715
54,715
50,716
56,716
50,716
51,716
57,716
44,717
54,717
53,717
52,717
48,717
59,718
58,718
55,718
55,718
50,718
45,719
48,719
49,719
45,719
45,719
49,720
45,720
57,720
42,720
46,720
47,721
55,721
53,721
45,721
49,721
41,722
49,722
52,722
52,722
56,722
53,723
57,723
40,723
60,723
55,723
53,724
59,724
51,724
47,724
54,724
51,725
56,725
44,725
45,725
46,725
45,726
59,726
51,726
51,726
60,726
43,727
55,727
58,727
50,727
55,727
47,728
54,728
59,728
43,728
60,728
48,729
51,729
42,729
45,729
42,729
44,730
51,730
41,730
57,730
48,730
52,731
46,731
51,731
56,731
47,731
56,732
49,732
52,732
50,732
57,732
51,733
58,733
54,733
51,733
55,733
44,734
60,734
44,734
43,734
57,734
44,735
52,735
52,735
59,735
42,735
53,736
57,736
54,736
56,736
49,736
50,737
53,737
55,737
50,737
47,737
40,738
53,738
42,738
51,738
49,738
56,739
49,739
44,739
54,739
49,739
45,740
54,740
56,740
43,740
60,740
47,741
46,741
57,741
50,741
42,741
58,742
41,742
56,742
56,742
58,742
47,743
44,743
49,743
57,743
59,743
50,744
57,744
55,744
48,744
50,744
55,745
56,745
43,745
45,745
41,745
53,746
59,746
45,746
43,746
42,746
57,747
42,747
58,747
56,747
41,747
57,748
53,748
56,748
60,748
57,748
41,749
47,749
45,749
48,749
56,749
